cut,W,Z,top,ttV,single top,total background,signal,significance
0,1.6506800055503845,1.8158115148544312,2.3357903957366943,4.37743691727519,14.426626324653625,24.606345057487488,7.679244369268417,1.0580105575608627
100,1.6506800055503845,1.8158115148544312,2.3357903957366943,4.37743691727519,14.426626324653625,24.606345057487488,7.679244369268417,1.0580105575608627
200,1.6506800055503845,1.8158115148544312,2.3357903957366943,2.2001641392707825,11.22201156616211,19.224457502365112,2.721267119050026,0.38897675502291423
300,0.0,0.0,2.3357903957366943,0.0,4.007186472415924,6.342976868152618,1.2424256801605225,0.2955267234649846
400,0.0,0.0,2.3357903957366943,0.0,2.404954195022583,4.740744590759277,0.6860302686691284,0.12315347760379303
500,0.0,0.0,1.168150782585144,0.0,0.0,1.168150782585144,0.2828328460454941,-0.04764578592545879
