cut,W,Z,top,ttV,single top,total background,signal,significance
0,1.6506800055503845,1.8158115148544312,2.3357903957366943,4.37743691727519,14.426626324653625,24.606345057487488,8.231862366199493,1.1369698486522901
100,1.6506800055503845,1.8158115148544312,2.3357903957366943,4.37743691727519,14.426626324653625,24.606345057487488,8.231862366199493,1.1369698486522901
200,1.6506800055503845,1.8158115148544312,2.3357903957366943,2.2001641392707825,11.22201156616211,19.224457502365112,2.9680432081222534,0.4335599953017632
300,0.0,0.0,2.3357903957366943,0.0,4.007186472415924,6.342976868152618,1.0973071455955505,0.2440127639631631
400,0.0,0.0,2.3357903957366943,0.0,2.404954195022583,4.740744590759277,0.830059140920639,0.18422968517592184
500,0.0,0.0,1.168150782585144,0.0,0.0,1.168150782585144,0.42333249747753143,0.08056472971860867
