cut,W,Z,top,ttV,single top,total background,signal,significance
0,1.6506800055503845,1.8158115148544312,2.3357903957366943,4.37743691727519,14.426626205444336,24.60634509846568,1.4039726164191961,0.11215524011482965
100,1.6506800055503845,1.8158115148544312,2.3357903957366943,4.37743691727519,14.426626205444336,24.60634509846568,1.4039726164191961,0.11215524011482965
200,1.6506800055503845,1.8158115148544312,2.3357903957366943,3.165245831012726,12.02272355556488,20.99025136232376,0.7376988735049963,0.01613363001757706
300,0.0,1.171453595161438,2.3357903957366943,1.9305419921875,6.413029313087463,11.85081535577774,0.4485942926257849,-0.015640202195391677
400,0.0,0.0,2.3357903957366943,0.9650815725326538,4.8093138337135315,8.11018580198288,0.27637181244790554,-0.056873639165268004
500,0.0,0.0,1.168150782585144,0.9650815725326538,1.602534532546997,3.735766887664795,0.20870188437402248,-0.08774482333374944
