cut,W,Z,top,ttV,single top,total background,signal,significance
0,1.6506800055503845,1.8158115148544312,2.3357903957366943,4.37743691727519,14.426626205444336,24.60634509846568,55.344143360853195,6.39320315141699
100,1.6506800055503845,1.8158115148544312,2.3357903957366943,4.37743691727519,14.426626205444336,24.60634509846568,55.344143360853195,6.39320315141699
200,1.6506800055503845,1.8158115148544312,2.3357903957366943,3.165245831012726,12.02272355556488,20.99025136232376,25.863199442625046,3.7020243673711946
300,0.0,1.171453595161438,2.3357903957366943,1.9305419921875,6.413029313087463,11.85081535577774,16.925600543618202,3.4413069819054787
400,0.0,0.0,2.3357903957366943,0.9650815725326538,4.8093138337135315,8.11018580198288,11.289000913500786,2.885763365057534
500,0.0,0.0,1.168150782585144,0.9650815725326538,1.602534532546997,3.735766887664795,5.45110584795475,2.1035833890252507
