cut,W,Z,top,ttV,single top,total background,signal,significance
0,1.6506800055503845,1.8158115148544312,2.3357903957366943,4.37743691727519,14.426626324653625,24.606345057487488,0.9343148991465569,0.03729376824160415
100,1.6506800055503845,1.8158115148544312,2.3357903957366943,4.37743691727519,14.426626324653625,24.606345057487488,0.9343148991465569,0.03729376824160415
200,1.6506800055503845,1.8158115148544312,2.3357903957366943,2.2001641392707825,11.22201156616211,19.224457502365112,0.1454862281680107,-0.09052186900928963
300,0.0,0.0,2.3357903957366943,0.0,4.007186472415924,6.342976868152618,0.04640168696641922,-0.14185269579241713
400,0.0,0.0,2.3357903957366943,0.0,2.404954195022583,4.740744590759277,0.04640168696641922,-0.1562651364778285
500,0.0,0.0,1.168150782585144,0.0,0.0,1.168150782585144,0.0,-0.3238500133119181
