cut,W,Z,top,ttV,single top,total background,signal,significance
0,1.6506800055503845,1.8158115148544312,2.3357903957366943,4.37743691727519,14.426626324653625,24.606345057487488,32.966349840164185,4.178151722899339
100,1.6506800055503845,1.8158115148544312,2.3357903957366943,4.37743691727519,14.426626324653625,24.606345057487488,32.966349840164185,4.178151722899339
200,1.6506800055503845,1.8158115148544312,2.3357903957366943,2.2001641392707825,11.22201156616211,19.224457502365112,11.6616952419281,1.8817177557358113
300,0.0,0.0,2.3357903957366943,0.0,4.007186472415924,6.342976868152618,3.97209769487381,1.199980980339473
400,0.0,0.0,2.3357903957366943,0.0,2.404954195022583,4.740744590759277,1.2250970005989075,0.34859609383071705
500,0.0,0.0,1.168150782585144,0.0,0.0,1.168150782585144,0.6058839708566666,0.2399532675440021
