cut,W,Z,top,ttV,single top,total background,signal,significance
0,1.6506800055503845,1.8158115148544312,2.3357903957366943,4.37743691727519,14.426626324653625,24.606345057487488,32.56076309084892,4.134267360428138
100,1.6506800055503845,1.8158115148544312,2.3357903957366943,4.37743691727519,14.426626324653625,24.606345057487488,32.56076309084892,4.134267360428138
200,1.6506800055503845,1.8158115148544312,2.3357903957366943,2.2001641392707825,11.22201156616211,19.224457502365112,11.587922185659409,1.8702910676142808
300,0.0,0.0,2.3357903957366943,0.0,4.007186472415924,6.342976868152618,4.01721066236496,1.2140385745059017
400,0.0,0.0,2.3357903957366943,0.0,2.404954195022583,4.740744590759277,1.368495374917984,0.40717721440248483
500,0.0,0.0,1.168150782585144,0.0,0.0,1.168150782585144,0.0,-0.3238500133119181
