cut,W,Z,top,ttV,single top,total background,signal,significance
0,1.6506800055503845,1.8158115148544312,2.3357903957366943,4.37743691727519,14.426626324653625,24.606345057487488,0.9914569556713104,0.04643565879054836
100,1.6506800055503845,1.8158115148544312,2.3357903957366943,4.37743691727519,14.426626324653625,24.606345057487488,0.9914569556713104,0.04643565879054836
200,1.6506800055503845,1.8158115148544312,2.3357903957366943,2.2001641392707825,11.22201156616211,19.224457502365112,0.4330166317522526,-0.03564553666150938
300,0.0,0.0,2.3357903957366943,0.0,4.007186472415924,6.342976868152618,0.1914438921958208,-0.08716561300248335
400,0.0,0.0,2.3357903957366943,0.0,2.404954195022583,4.740744590759277,0.03396293893456459,-0.1618408436439321
500,0.0,0.0,1.168150782585144,0.0,0.0,1.168150782585144,0.03396293893456459,-0.28919756375677647
