cut,W,Z,top,ttV,single top,total background,signal,significance
0,1.6506800055503845,1.8158115148544312,2.3357903957366943,4.37743691727519,14.426626324653625,24.606345057487488,0.7779348399490118,0.012227018627680601
100,1.6506800055503845,1.8158115148544312,2.3357903957366943,4.37743691727519,14.426626324653625,24.606345057487488,0.7779348399490118,0.012227018627680601
200,1.6506800055503845,1.8158115148544312,2.3357903957366943,2.2001641392707825,11.22201156616211,19.224457502365112,0.27917504124343395,-0.0649623327799087
300,0.0,0.0,2.3357903957366943,0.0,4.007186472415924,6.342976868152618,0.17284473404288292,-0.09415109064230608
400,0.0,0.0,2.3357903957366943,0.0,2.404954195022583,4.740744590759277,0.0513283908367157,-0.15405831078847365
500,0.0,0.0,1.168150782585144,0.0,0.0,1.168150782585144,0.016917986795306206,-0.3065319687064778
