cut,W,Z,top,ttV,single top,total background,signal,significance
0,1.6506800055503845,1.8158115148544312,2.3357903957366943,4.37743691727519,14.426626205444336,24.60634509846568,35.88999283313751,4.48996449917389
100,1.6506800055503845,1.8158115148544312,2.3357903957366943,4.37743691727519,14.426626205444336,24.60634509846568,35.88999283313751,4.48996449917389
200,1.6506800055503845,1.8158115148544312,2.3357903957366943,3.165245831012726,12.02272355556488,20.99025136232376,24.86209911108017,3.577024156971133
300,0.0,1.171453595161438,2.3357903957366943,1.9305419921875,6.413029313087463,11.85081535577774,15.23903040587902,3.1384875144820743
400,0.0,0.0,2.3357903957366943,0.9650815725326538,4.8093138337135315,8.11018580198288,8.641993179917336,2.263794783238422
500,0.0,0.0,1.168150782585144,0.9650815725326538,1.602534532546997,3.735766887664795,5.85783477127552,2.2481024516444754
