cut,W,Z,top,ttV,single top,total background,signal,significance
0,1.6506800055503845,1.8158115148544312,2.3357903957366943,4.37743691727519,14.426626324653625,24.606345057487488,3.883378282189369,0.49740257565174634
100,1.6506800055503845,1.8158115148544312,2.3357903957366943,4.37743691727519,14.426626324653625,24.606345057487488,3.883378282189369,0.49740257565174634
200,1.6506800055503845,1.8158115148544312,2.3357903957366943,2.2001641392707825,11.22201156616211,19.224457502365112,3.7151274234056473,0.5671870303090177
300,0.0,0.0,2.3357903957366943,0.0,4.007186472415924,6.342976868152618,0.3873012661933899,-0.014080146064803224
400,0.0,0.0,2.3357903957366943,0.0,2.404954195022583,4.740744590759277,0.18057723343372345,-0.09648051050626316
500,0.0,0.0,1.168150782585144,0.0,0.0,1.168150782585144,0.18057723343372345,-0.14445080334959287
