cut,W,Z,top,ttV,single top,total background,signal,significance
0,1.6506800055503845,1.8158115148544312,2.3357903957366943,4.37743691727519,14.426626324653625,24.606345057487488,35.88999164104462,4.489964377709888
100,1.6506800055503845,1.8158115148544312,2.3357903957366943,4.37743691727519,14.426626324653625,24.606345057487488,35.88999164104462,4.489964377709888
200,1.6506800055503845,1.8158115148544312,2.3357903957366943,2.2001641392707825,11.22201156616211,19.224457502365112,20.263561725616455,3.1356845072798514
300,0.0,0.0,2.3357903957366943,0.0,4.007186472415924,6.342976868152618,8.292900875210762,2.448103518273249
400,0.0,0.0,2.3357903957366943,0.0,2.404954195022583,4.740744590759277,0.5760219544172287,0.07606825673285576
500,0.0,0.0,1.168150782585144,0.0,0.0,1.168150782585144,0.0,-0.3238500133119181
