cut,W,Z,top,ttV,single top,total background,signal,significance
0,1.6506800055503845,1.8158115148544312,2.3357903957366943,4.37743691727519,14.426626205444336,24.60634509846568,15.56085616350174,2.1295438461154137
100,1.6506800055503845,1.8158115148544312,2.3357903957366943,4.37743691727519,14.426626205444336,24.60634509846568,15.56085616350174,2.1295438461154137
200,1.6506800055503845,1.8158115148544312,2.3357903957366943,3.165245831012726,12.02272355556488,20.99025136232376,8.81337758898735,1.3534243791499514
300,0.0,1.171453595161438,2.3357903957366943,1.9305419921875,6.413029313087463,11.85081535577774,5.1219163835048676,1.1044863394781337
400,0.0,0.0,2.3357903957366943,0.9650815725326538,4.8093138337135315,8.11018580198288,3.034769654273987,0.7853848921567003
500,0.0,0.0,1.168150782585144,0.9650815725326538,1.602534532546997,3.735766887664795,1.8743666261434555,0.6936627544240285
