cut,W,Z,top,ttV,single top,total background,signal,significance
0,1.6506800055503845,1.8158115148544312,2.3357903957366943,4.37743691727519,14.426626205444336,24.60634509846568,20.58784033358097,2.7600670579218196
100,1.6506800055503845,1.8158115148544312,2.3357903957366943,4.37743691727519,14.426626205444336,24.60634509846568,20.58784033358097,2.7600670579218196
200,1.6506800055503845,1.8158115148544312,2.3357903957366943,3.165245831012726,12.02272355556488,20.99025136232376,9.632514372467995,1.4790900037147405
300,0.0,1.171453595161438,2.3357903957366943,1.9305419921875,6.413029313087463,11.85081535577774,5.53167250752449,1.1959424927935771
400,0.0,0.0,2.3357903957366943,0.9650815725326538,4.8093138337135315,8.11018580198288,3.9243910014629364,1.0380473555995244
500,0.0,0.0,1.168150782585144,0.9650815725326538,1.602534532546997,3.735766887664795,1.9054528772830963,0.707282691254466
