cut,W,Z,top,ttV,single top,total background,signal,significance
0,1.6506800055503845,1.8158115148544312,2.3357903957366943,4.37743691727519,14.426626324653625,24.606345057487488,1.5380589868873358,0.1334134332361322
100,1.6506800055503845,1.8158115148544312,2.3357903957366943,4.37743691727519,14.426626324653625,24.606345057487488,1.5380589868873358,0.1334134332361322
200,1.6506800055503845,1.8158115148544312,2.3357903957366943,2.2001641392707825,11.22201156616211,19.224457502365112,0.631472310051322,0.0020235232712078523
300,0.0,0.0,2.3357903957366943,0.0,4.007186472415924,6.342976868152618,0.2748554404824972,-0.05593476494248581
400,0.0,0.0,2.3357903957366943,0.0,2.404954195022583,4.740744590759277,0.12188770435750484,-0.12255040990148691
500,0.0,0.0,1.168150782585144,0.0,0.0,1.168150782585144,0.05419697426259518,-0.26876439837469257
