cut,W,Z,top,ttV,single top,total background,signal,significance
0,1.6506800055503845,1.8158115148544312,2.3357903957366943,4.37743691727519,14.426626324653625,24.606345057487488,55.34414502978325,6.393203309176181
100,1.6506800055503845,1.8158115148544312,2.3357903957366943,4.37743691727519,14.426626324653625,24.606345057487488,55.34414502978325,6.393203309176181
200,1.6506800055503845,1.8158115148544312,2.3357903957366943,2.2001641392707825,11.22201156616211,19.224457502365112,20.120093315839767,3.115910889991921
300,0.0,0.0,2.3357903957366943,0.0,4.007186472415924,6.342976868152618,6.434919476509094,1.9336362503033395
400,0.0,0.0,2.3357903957366943,0.0,2.404954195022583,4.740744590759277,2.2475662529468536,0.7549035131406405
500,0.0,0.0,1.168150782585144,0.0,0.0,1.168150782585144,1.348016619682312,0.8252032588299081
