cut,W,Z,top,ttV,single top,total background,signal,significance
0,1.6506800055503845,1.8158115148544312,2.3357903957366943,4.37743691727519,14.426626324653625,24.606345057487488,0.09895015880465508,-0.09744224450370062
100,1.6506800055503845,1.8158115148544312,2.3357903957366943,4.37743691727519,14.426626324653625,24.606345057487488,0.09895015880465508,-0.09744224450370062
200,1.6506800055503845,1.8158115148544312,2.3357903957366943,2.2001641392707825,11.22201156616211,19.224457502365112,0.09895015880465508,-0.09943722950802072
300,0.0,0.0,2.3357903957366943,0.0,4.007186472415924,6.342976868152618,0.09895015880465508,-0.12198319450328311
400,0.0,0.0,2.3357903957366943,0.0,2.404954195022583,4.740744590759277,0.09895015880465508,-0.13277308744185973
500,0.0,0.0,1.168150782585144,0.0,0.0,1.168150782585144,0.047921668738126755,-0.27508491294813475
