cut,W,Z,top,ttV,single top,total background,signal,significance
0,1.6506800055503845,1.8158115148544312,2.3357903957366943,4.37743691727519,14.426626324653625,24.606345057487488,20.58784057199955,2.760067089727055
100,1.6506800055503845,1.8158115148544312,2.3357903957366943,4.37743691727519,14.426626324653625,24.606345057487488,20.58784057199955,2.760067089727055
200,1.6506800055503845,1.8158115148544312,2.3357903957366943,2.2001641392707825,11.22201156616211,19.224457502365112,7.336179152131081,1.1885996555985185
300,0.0,0.0,2.3357903957366943,0.0,4.007186472415924,6.342976868152618,2.005336493253708,0.56005835972208
400,0.0,0.0,2.3357903957366943,0.0,2.404954195022583,4.740744590759277,1.0230873227119446,0.2651062398341561
500,0.0,0.0,1.168150782585144,0.0,0.0,1.168150782585144,0.0,-0.3238500133119181
