cut,W,Z,top,ttV,single top,total background,signal,significance
0,1.6506800055503845,1.8158115148544312,2.3357903957366943,4.37743691727519,14.426626324653625,24.606345057487488,0.4889846742153168,-0.03427740945982307
100,1.6506800055503845,1.8158115148544312,2.3357903957366943,4.37743691727519,14.426626324653625,24.606345057487488,0.4889846742153168,-0.03427740945982307
200,1.6506800055503845,1.8158115148544312,2.3357903957366943,2.2001641392707825,11.22201156616211,19.224457502365112,0.18410569429397583,-0.08313035054985647
300,0.0,0.0,2.3357903957366943,0.0,4.007186472415924,6.342976868152618,0.0,-0.15945206112665042
400,0.0,0.0,2.3357903957366943,0.0,2.404954195022583,4.740744590759277,0.0,-0.17709416485908339
500,0.0,0.0,1.168150782585144,0.0,0.0,1.168150782585144,0.0,-0.3238500133119181
