cut,W,Z,top,ttV,single top,total background,signal,significance
0,1.6506800055503845,1.8158115148544312,2.3357903957366943,4.37743691727519,14.426626324653625,24.606345057487488,81.32804647088051,8.59115350352027
100,1.6506800055503845,1.8158115148544312,2.3357903957366943,4.37743691727519,14.426626324653625,24.606345057487488,81.32804647088051,8.59115350352027
200,1.6506800055503845,1.8158115148544312,2.3357903957366943,2.2001641392707825,11.22201156616211,19.224457502365112,29.084820419549942,4.29080257782422
300,0.0,0.0,2.3357903957366943,0.0,4.007186472415924,6.342976868152618,8.839107602834702,2.593940430786216
400,0.0,0.0,2.3357903957366943,0.0,2.404954195022583,4.740744590759277,3.0103374421596527,1.0425175022993844
500,0.0,0.0,1.168150782585144,0.0,0.0,1.168150782585144,1.0967544317245483,0.6365418128657799
