cut,W,Z,top,ttV,single top,total background,signal,significance
0,1.6506800055503845,1.8158115148544312,2.3357903957366943,4.37743691727519,14.426626205444336,24.60634509846568,32.96634942293167,4.178151673970219
100,1.6506800055503845,1.8158115148544312,2.3357903957366943,4.37743691727519,14.426626205444336,24.60634509846568,32.96634942293167,4.178151673970219
200,1.6506800055503845,1.8158115148544312,2.3357903957366943,3.165245831012726,12.02272355556488,20.99025136232376,17.11826401948929,2.5610393498967707
300,0.0,1.171453595161438,2.3357903957366943,1.9305419921875,6.413029313087463,11.85081535577774,9.3270682990551,2.002058469323608
400,0.0,0.0,2.3357903957366943,0.9650815725326538,4.8093138337135315,8.11018580198288,5.337127268314362,1.4237248787704058
500,0.0,0.0,1.168150782585144,0.9650815725326538,1.602534532546997,3.735766887664795,3.601624011993408,1.4098517912183863
