cut,W,Z,top,ttV,single top,total background,signal,significance
0,1.6506800055503845,1.8158115148544312,2.3357903957366943,4.37743691727519,14.426626205444336,24.60634509846568,8.231862515211105,1.1369698685740453
100,1.6506800055503845,1.8158115148544312,2.3357903957366943,4.37743691727519,14.426626205444336,24.60634509846568,8.231862515211105,1.1369698685740453
200,1.6506800055503845,1.8158115148544312,2.3357903957366943,3.165245831012726,12.02272355556488,20.99025136232376,3.9110446870326996,0.5650262356823069
300,0.0,1.171453595161438,2.3357903957366943,1.9305419921875,6.413029313087463,11.85081535577774,2.1739326268434525,0.41604887325126494
400,0.0,0.0,2.3357903957366943,0.9650815725326538,4.8093138337135315,8.11018580198288,1.5058126002550125,0.33068565911916514
500,0.0,0.0,1.168150782585144,0.9650815725326538,1.602534532546997,3.735766887664795,1.099085956811905,0.3435067259378031
