cut,W,Z,top,ttV,single top,total background,signal,significance
0,1.6506800055503845,1.8158115148544312,2.3357903957366943,4.37743691727519,14.426626324653625,24.606345057487488,15.560856088995934,2.1295438386947305
100,1.6506800055503845,1.8158115148544312,2.3357903957366943,4.37743691727519,14.426626324653625,24.606345057487488,15.560856088995934,2.1295438386947305
200,1.6506800055503845,1.8158115148544312,2.3357903957366943,2.2001641392707825,11.22201156616211,19.224457502365112,6.046336337924004,0.9719664528952662
300,0.0,0.0,2.3357903957366943,0.0,4.007186472415924,6.342976868152618,2.0587467402219772,0.5782027876482968
400,0.0,0.0,2.3357903957366943,0.0,2.404954195022583,4.740744590759277,0.5858212113380432,0.08027810515208886
500,0.0,0.0,1.168150782585144,0.0,0.0,1.168150782585144,0.15104790031909943,-0.17301079019955082
