cut,W,Z,top,ttV,single top,total background,signal,significance
0,1.6506800055503845,1.8158115148544312,2.3357903957366943,4.377436697483063,14.426627039909363,24.606345891952515,0.9914568904787302,0.04643564529242937
100,1.6506800055503845,1.8158115148544312,2.3357903957366943,4.377436697483063,14.426627039909363,24.606345891952515,0.9914568904787302,0.04643564529242937
200,1.148754596710205,1.171453595161438,1.168150782585144,-0.29797232151031494,3.206546187400818,6.39693284034729,0.11857510916888714,-0.11433666969512847
