cut,W,Z,top,ttV,single top,total background,signal,significance
0,1.6506800055503845,1.8158115148544312,2.3357903957366943,4.37743691727519,14.426626324653625,24.606345057487488,2.4844081178307533,0.28203836363804025
100,1.6506800055503845,1.8158115148544312,2.3357903957366943,4.37743691727519,14.426626324653625,24.606345057487488,2.4844081178307533,0.28203836363804025
200,1.6506800055503845,1.8158115148544312,2.3357903957366943,2.2001641392707825,11.22201156616211,19.224457502365112,1.2195174470543861,0.11267140654087628
300,0.0,0.0,2.3357903957366943,0.0,4.007186472415924,6.342976868152618,0.4772520959377289,0.019200846098554405
400,0.0,0.0,2.3357903957366943,0.0,2.404954195022583,4.740744590759277,0.09891566261649132,-0.13278847593151533
500,0.0,0.0,1.168150782585144,0.0,0.0,1.168150782585144,0.0,-0.3238500133119181
