cut,W,Z,top,ttV,single top,total background,signal,significance
0,1.6506800055503845,1.8158115148544312,2.3357903957366943,4.37743691727519,14.426626324653625,24.606345057487488,5.145768851041794,0.6875403695074932
100,1.6506800055503845,1.8158115148544312,2.3357903957366943,4.37743691727519,14.426626324653625,24.606345057487488,5.145768851041794,0.6875403695074932
200,1.6506800055503845,1.8158115148544312,2.3357903957366943,2.2001641392707825,11.22201156616211,19.224457502365112,1.9371134340763092,0.24579426419901784
300,0.0,0.0,2.3357903957366943,0.0,4.007186472415924,6.342976868152618,0.7148535698652267,0.1062780357922221
400,0.0,0.0,2.3357903957366943,0.0,2.404954195022583,4.740744590759277,0.14074952900409698,-0.11415846864254064
500,0.0,0.0,1.168150782585144,0.0,0.0,1.168150782585144,0.14074952900409698,-0.18303841572563037
