cut,W,Z,top,ttV,single top,total background,signal,significance
0,1.6506800055503845,1.8158115148544312,2.3357903957366943,4.377436697483063,14.426627039909363,24.606345891952515,3.4380738735198975,0.42939554385163325
100,1.6506800055503845,1.8158115148544312,2.3357903957366943,4.377436697483063,14.426627039909363,24.606345891952515,3.4380738735198975,0.42939554385163325
200,1.148754596710205,1.171453595161438,1.168150782585144,-0.29797232151031494,3.206546187400818,6.39693284034729,0.6903627812862396,0.09659393529934009
