cut,W,Z,top,ttV,single top,total background,signal,significance
0,1.6506800055503845,1.8158115148544312,2.3357903957366943,4.37743691727519,14.426626324653625,24.606345057487488,3.352165412157774,0.416217802245638
100,1.6506800055503845,1.8158115148544312,2.3357903957366943,4.37743691727519,14.426626324653625,24.606345057487488,3.352165412157774,0.416217802245638
200,1.6506800055503845,1.8158115148544312,2.3357903957366943,2.2001641392707825,11.22201156616211,19.224457502365112,1.2805948965251446,0.12408228115927167
300,0.0,0.0,2.3357903957366943,0.0,4.007186472415924,6.342976868152618,0.4922206960618496,0.0247220381232931
400,0.0,0.0,2.3357903957366943,0.0,2.404954195022583,4.740744590759277,0.24804819002747536,-0.06666154811517874
500,0.0,0.0,1.168150782585144,0.0,0.0,1.168150782585144,0.05309092998504639,-0.2698773398309795
