cut,W,Z,top,ttV,single top,total background,signal,significance
0,1.6506800055503845,1.8158115148544312,2.3357903957366943,4.37743691727519,14.426626324653625,24.606345057487488,3.4911725111305714,0.4375311080370001
100,1.6506800055503845,1.8158115148544312,2.3357903957366943,4.37743691727519,14.426626324653625,24.606345057487488,3.4911725111305714,0.4375311080370001
200,1.6506800055503845,1.8158115148544312,2.3357903957366943,2.2001641392707825,11.22201156616211,19.224457502365112,1.4057357497513294,0.14741471790899252
300,0.0,0.0,2.3357903957366943,0.0,4.007186472415924,6.342976868152618,0.38526876643300056,-0.01483419693849822
400,0.0,0.0,2.3357903957366943,0.0,2.404954195022583,4.740744590759277,0.144007857888937,-0.11271008469879522
500,0.0,0.0,1.168150782585144,0.0,0.0,1.168150782585144,0.046384863555431366,-0.2766350454047234
