cut,W,Z,top,ttV,single top,total background,signal,significance
0,1.6506800055503845,1.8158115148544312,2.3357903957366943,4.37743691727519,14.426626324653625,24.606345057487488,1.179891200736165,0.0765159881840235
100,1.6506800055503845,1.8158115148544312,2.3357903957366943,4.37743691727519,14.426626324653625,24.606345057487488,1.179891200736165,0.0765159881840235
200,1.6506800055503845,1.8158115148544312,2.3357903957366943,2.2001641392707825,11.22201156616211,19.224457502365112,0.40894641913473606,-0.04022575531853809
300,0.0,0.0,2.3357903957366943,0.0,4.007186472415924,6.342976868152618,0.12145735509693623,-0.1134925559987397
400,0.0,0.0,2.3357903957366943,0.0,2.404954195022583,4.740744590759277,0.03382224217057228,-0.16190394423567714
500,0.0,0.0,1.168150782585144,0.0,0.0,1.168150782585144,0.01691112108528614,-0.3065389738077515
