cut,W,Z,top,ttV,single top,total background,signal,significance
0,1.6506800055503845,1.8158115148544312,2.3357903957366943,4.37743691727519,14.426626324653625,24.606345057487488,1.2509404886513948,0.08783149693936873
100,1.6506800055503845,1.8158115148544312,2.3357903957366943,4.37743691727519,14.426626324653625,24.606345057487488,1.2509404886513948,0.08783149693936873
200,1.6506800055503845,1.8158115148544312,2.3357903957366943,2.2001641392707825,11.22201156616211,19.224457502365112,0.5703706871718168,-0.009556389779826457
300,0.0,0.0,2.3357903957366943,0.0,4.007186472415924,6.342976868152618,0.24389157257974148,-0.06750981430870485
400,0.0,0.0,2.3357903957366943,0.0,2.404954195022583,4.740744590759277,0.053898269310593605,-0.152907537489851
500,0.0,0.0,1.168150782585144,0.0,0.0,1.168150782585144,0.03698202036321163,-0.28613890427265487
