cut,W,Z,top,ttV,single top,total background,signal,significance
0,1.6506800055503845,1.8158115148544312,2.3357903957366943,4.37743691727519,14.426626205444336,24.60634509846568,3.4911727234721184,0.4375311399818477
100,1.6506800055503845,1.8158115148544312,2.3357903957366943,4.37743691727519,14.426626205444336,24.60634509846568,3.4911727234721184,0.4375311399818477
200,1.6506800055503845,1.8158115148544312,2.3357903957366943,3.165245831012726,12.02272355556488,20.99025136232376,1.9678586795926094,0.2329643919566042
300,0.0,1.171453595161438,2.3357903957366943,1.9305419921875,6.413029313087463,11.85081535577774,1.179316021502018,0.1701111484163479
400,0.0,0.0,2.3357903957366943,0.9650815725326538,4.8093138337135315,8.11018580198288,0.7061308026313782,0.0810691822681607
500,0.0,0.0,1.168150782585144,0.9650815725326538,1.602534532546997,3.735766887664795,0.33505190163850784,-0.02434768846132627
