cut,W,Z,top,ttV,single top,total background,signal,significance
0,1.6506800055503845,1.8158115148544312,2.3357903957366943,4.37743691727519,14.426626324653625,24.606345057487488,19.46392822265625,2.622214302673129
100,1.6506800055503845,1.8158115148544312,2.3357903957366943,4.37743691727519,14.426626324653625,24.606345057487488,19.46392822265625,2.622214302673129
200,1.6506800055503845,1.8158115148544312,2.3357903957366943,2.2001641392707825,11.22201156616211,19.224457502365112,6.040960192680359,0.9710530338143796
300,0.0,0.0,2.3357903957366943,0.0,4.007186472415924,6.342976868152618,1.931157723069191,0.5347800824194343
400,0.0,0.0,2.3357903957366943,0.0,2.404954195022583,4.740744590759277,0.45044420659542084,0.021843109551018428
500,0.0,0.0,1.168150782585144,0.0,0.0,1.168150782585144,0.3113490641117096,-0.021195206966795777
