cut,W,Z,top,ttV,single top,total background,signal,significance
0,1.6506800055503845,1.8158115148544312,2.3357903957366943,4.37743691727519,14.426626324653625,24.606345057487488,15.578249871730804,2.1317900891750354
100,1.6506800055503845,1.8158115148544312,2.3357903957366943,4.37743691727519,14.426626324653625,24.606345057487488,15.578249871730804,2.1317900891750354
200,1.6506800055503845,1.8158115148544312,2.3357903957366943,2.2001641392707825,11.22201156616211,19.224457502365112,5.344086468219757,0.8518902646698623
300,0.0,0.0,2.3357903957366943,0.0,4.007186472415924,6.342976868152618,1.6513545513153076,0.43859155993776117
400,0.0,0.0,2.3357903957366943,0.0,2.404954195022583,4.740744590759277,0.14922389388084412,-0.1103922617692778
500,0.0,0.0,1.168150782585144,0.0,0.0,1.168150782585144,0.0,-0.3238500133119181
