cut,W,Z,top,ttV,single top,total background,signal,significance
0,1.6506800055503845,1.8158115148544312,2.3357903957366943,4.37743691727519,14.426626205444336,24.60634509846568,15.578250214457512,2.1317901312263716
100,1.6506800055503845,1.8158115148544312,2.3357903957366943,4.37743691727519,14.426626205444336,24.60634509846568,15.578250214457512,2.1317901312263716
200,1.6506800055503845,1.8158115148544312,2.3357903957366943,3.165245831012726,12.02272355556488,20.99025136232376,7.739820405840874,1.1862536397871493
300,0.0,1.171453595161438,2.3357903957366943,1.9305419921875,6.413029313087463,11.85081535577774,5.48888835310936,1.1864373660922327
400,0.0,0.0,2.3357903957366943,0.9650815725326538,4.8093138337135315,8.11018580198288,2.8267394453287125,0.7251053838458633
500,0.0,0.0,1.168150782585144,0.9650815725326538,1.602534532546997,3.735766887664795,1.6885212510824203,0.6115951658416472
