cut,W,Z,top,ttV,single top,total background,signal,significance
0,1.6506800055503845,1.8158115148544312,2.3357903957366943,4.37743691727519,14.426626324653625,24.606345057487488,1.1433376222848892,0.07068876552762797
100,1.6506800055503845,1.8158115148544312,2.3357903957366943,4.37743691727519,14.426626324653625,24.606345057487488,1.1433376222848892,0.07068876552762797
200,1.6506800055503845,1.8158115148544312,2.3357903957366943,2.2001641392707825,11.22201156616211,19.224457502365112,0.4782952331006527,-0.027036386365162438
300,0.0,0.0,2.3357903957366943,0.0,4.007186472415924,6.342976868152618,0.2233912292867899,-0.0751852731990558
400,0.0,0.0,2.3357903957366943,0.0,2.404954195022583,4.740744590759277,0.11841592006385326,-0.12409646780156099
500,0.0,0.0,1.168150782585144,0.0,0.0,1.168150782585144,0.050749680027365685,-0.27223469968368225
