cut,W,Z,top,ttV,single top,total background,signal,significance
0,1.6506800055503845,1.8158115148544312,2.3357903957366943,4.37743691727519,14.426626205444336,24.60634509846568,0.9343148991465569,0.03729376810088222
100,1.6506800055503845,1.8158115148544312,2.3357903957366943,4.37743691727519,14.426626205444336,24.60634509846568,0.9343148991465569,0.03729376810088222
200,1.6506800055503845,1.8158115148544312,2.3357903957366943,3.165245831012726,12.02272355556488,20.99025136232376,0.42389634996652603,-0.0400556351516736
300,0.0,1.171453595161438,2.3357903957366943,1.9305419921875,6.413029313087463,11.85081535577774,0.37121349573135376,-0.03557748400480518
400,0.0,0.0,2.3357903957366943,0.9650815725326538,4.8093138337135315,8.11018580198288,0.2784101217985153,-0.05621273594034631
500,0.0,0.0,1.168150782585144,0.9650815725326538,1.602534532546997,3.735766887664795,0.04640168696641922,-0.1703774312702337
