cut,W,Z,top,ttV,single top,total background,signal,significance
0,1.6506800055503845,1.8158115148544312,2.3357903957366943,4.37743691727519,14.426626324653625,24.606345057487488,3.5309395603835583,0.443619358043168
100,1.6506800055503845,1.8158115148544312,2.3357903957366943,4.37743691727519,14.426626324653625,24.606345057487488,3.5309395603835583,0.443619358043168
200,1.6506800055503845,1.8158115148544312,2.3357903957366943,2.2001641392707825,11.22201156616211,19.224457502365112,1.191014464944601,0.10734110781396726
300,0.0,0.0,2.3357903957366943,0.0,4.007186472415924,6.342976868152618,0.6269904412329197,0.07421628926110707
400,0.0,0.0,2.3357903957366943,0.0,2.404954195022583,4.740744590759277,0.24162670597434044,-0.06949263117260675
500,0.0,0.0,1.168150782585144,0.0,0.0,1.168150782585144,0.10072333738207817,-0.22235372681737817
