cut,W,Z,top,ttV,single top,total background,signal,significance
0,1.6506800055503845,1.8158115148544312,2.3357903957366943,4.37743691727519,14.426626205444336,24.60634509846568,0.3369595557451248,-0.058843465433028
100,1.6506800055503845,1.8158115148544312,2.3357903957366943,4.37743691727519,14.426626205444336,24.60634509846568,0.3369595557451248,-0.058843465433028
200,1.6506800055503845,1.8158115148544312,2.3357903957366943,3.165245831012726,12.02272355556488,20.99025136232376,0.282908596098423,-0.0654209365775859
300,0.0,1.171453595161438,2.3357903957366943,1.9305419921875,6.413029313087463,11.85081535577774,0.23649796470999718,-0.07041315257458781
400,0.0,0.0,2.3357903957366943,0.9650815725326538,4.8093138337135315,8.11018580198288,0.1423514001071453,-0.10047176413263034
500,0.0,0.0,1.168150782585144,0.9650815725326538,1.602534532546997,3.735766887664795,0.0944317989051342,-0.14577939215153657
