cut,W,Z,top,ttV,single top,total background,signal,significance
0,1.6506800055503845,1.8158115148544312,2.3357903957366943,4.37743691727519,14.426626205444336,24.60634509846568,7.679244786500931,1.0580106162105423
100,1.6506800055503845,1.8158115148544312,2.3357903957366943,4.37743691727519,14.426626205444336,24.60634509846568,7.679244786500931,1.0580106162105423
200,1.6506800055503845,1.8158115148544312,2.3357903957366943,3.165245831012726,12.02272355556488,20.99025136232376,4.05668668448925,0.5894298831808406
300,0.0,1.171453595161438,2.3357903957366943,1.9305419921875,6.413029313087463,11.85081535577774,2.711387202143669,0.5458685854398391
400,0.0,0.0,2.3357903957366943,0.9650815725326538,4.8093138337135315,8.11018580198288,1.7765935063362122,0.41326987516161773
500,0.0,0.0,1.168150782585144,0.9650815725326538,1.602534532546997,3.735766887664795,0.8392282575368881,0.22118782293558734
