cut,W,Z,top,ttV,single top,total background,signal,significance
0,1.6506800055503845,1.8158115148544312,2.3357903957366943,4.37743691727519,14.426626324653625,24.606345057487488,2.9407073631882668,0.35283998858521115
100,1.6506800055503845,1.8158115148544312,2.3357903957366943,4.37743691727519,14.426626324653625,24.606345057487488,2.9407073631882668,0.35283998858521115
200,1.6506800055503845,1.8158115148544312,2.3357903957366943,2.2001641392707825,11.22201156616211,19.224457502365112,1.0327779427170753,0.07768913734716114
300,0.0,0.0,2.3357903957366943,0.0,4.007186472415924,6.342976868152618,0.28666669875383377,-0.051525117405030504
400,0.0,0.0,2.3357903957366943,0.0,2.404954195022583,4.740744590759277,0.19390569627285004,-0.09057719033919823
500,0.0,0.0,1.168150782585144,0.0,0.0,1.168150782585144,0.04638050124049187,-0.2766394468174461
