cut,W,Z,top,ttV,single top,total background,signal,significance
0,1.6506800055503845,1.8158115148544312,2.3357903957366943,4.37743691727519,14.426626324653625,24.606345057487488,1.4039725791662931,0.11215523442539499
100,1.6506800055503845,1.8158115148544312,2.3357903957366943,4.37743691727519,14.426626324653625,24.606345057487488,1.4039725791662931,0.11215523442539499
200,1.6506800055503845,1.8158115148544312,2.3357903957366943,2.2001641392707825,11.22201156616211,19.224457502365112,0.4944148939102888,-0.02397355278773245
300,0.0,0.0,2.3357903957366943,0.0,4.007186472415924,6.342976868152618,0.13914777152240276,-0.1068272566359754
400,0.0,0.0,2.3357903957366943,0.0,2.404954195022583,4.740744590759277,0.017677737399935722,-0.16914942645403108
500,0.0,0.0,1.168150782585144,0.0,0.0,1.168150782585144,0.017677737399935722,-0.3057569075069405
