cut,W,Z,top,ttV,single top,total background,signal,significance
0,1.6506800055503845,1.8158115148544312,2.3357903957366943,4.37743691727519,14.426626205444336,24.60634509846568,8.373123973608017,1.1570520463499239
100,1.6506800055503845,1.8158115148544312,2.3357903957366943,4.37743691727519,14.426626205444336,24.60634509846568,8.373123973608017,1.1570520463499239
200,1.6506800055503845,1.8158115148544312,2.3357903957366943,3.165245831012726,12.02272355556488,20.99025136232376,4.088120818138123,0.5946884312733709
300,0.0,1.171453595161438,2.3357903957366943,1.9305419921875,6.413029313087463,11.85081535577774,2.077375650405884,0.39250369250202305
400,0.0,0.0,2.3357903957366943,0.9650815725326538,4.8093138337135315,8.11018580198288,1.3983006477355957,0.29763273833704273
500,0.0,0.0,1.168150782585144,0.9650815725326538,1.602534532546997,3.735766887664795,1.1312423944473267,0.35845845778551977
