cut,W,Z,top,ttV,single top,total background,signal,significance
0,1.6506800055503845,1.8158115148544312,2.3357903957366943,4.377436846494675,14.42662638425827,24.606344997882843,15.578250616788864,2.131790188588363
