cut,W,Z,top,ttV,single top,total background,signal,significance
0,1.6506799459457397,1.8158115148544312,2.3357903957366943,4.377436995506287,14.426624655723572,24.606343626976013,35.88999107480049,4.489964461121017
1,1.6506799459457397,1.8158115148544312,2.3357903957366943,4.377436995506287,14.426624655723572,24.606343626976013,35.88999107480049,4.489964461121017
2,1.6506799459457397,1.8158115148544312,2.3357903957366943,4.377436995506287,14.426624655723572,24.606343626976013,35.88999107480049,4.489964461121017
3,0.0,0.0,0.0,1.9250439405441284,1.6031192541122437,3.5281633138656616,2.779441148042679,1.1090404165242518
4,0.0,0.0,0.0,0.9650815725326538,0.0,0.9650815725326538,0.36178043484687805,0.033805554329018814
