cut,W,Z,top,ttV,single top,total background,signal,significance
0,1.6506799459457397,1.8158115148544312,2.3357903957366943,4.377436995506287,14.426624655723572,24.606343626976013,15.5608481913805,2.1295428955543976
1,1.6506799459457397,1.8158115148544312,2.3357903957366943,4.377436995506287,14.426624655723572,24.606343626976013,15.5608481913805,2.1295428955543976
2,1.6506799459457397,1.8158115148544312,2.3357903957366943,4.377436995506287,14.426624655723572,24.606343626976013,15.5608481913805,2.1295428955543976
3,0.0,0.0,0.0,1.9250439405441284,1.6031192541122437,3.5281633138656616,1.3351239711046219,0.46720003079952355
4,0.0,0.0,0.0,0.9650815725326538,0.0,0.9650815725326538,0.1391434222459793,-0.19809700581960712
