cut,W,Z,top,ttV,single top,total background,signal,significance
0,1.6506799459457397,1.8158115148544312,2.3357903957366943,4.377436995506287,14.426624655723572,24.606343626976013,7.6792425364255905,1.058010336744742
1,1.6506799459457397,1.8158115148544312,2.3357903957366943,4.377436995506287,14.426624655723572,24.606343626976013,7.6792425364255905,1.058010336744742
2,1.6506799459457397,1.8158115148544312,2.3357903957366943,4.377436995506287,14.426624655723572,24.606343626976013,7.6792425364255905,1.058010336744742
3,0.0,0.0,0.0,1.9250439405441284,1.6031192541122437,3.5281633138656616,0.5440477579832077,0.08300051428111457
4,0.0,0.0,0.0,0.9650815725326538,0.0,0.9650815725326538,0.13354195654392242,-0.20419700737306043
