cut,W,Z,top,ttV,single top,total background,signal,significance
0,1.6506799459457397,1.8158115148544312,2.3357903957366943,4.377436995506287,14.426624655723572,24.606343626976013,2.4844074323773384,0.28203827114205177
1,1.6506799459457397,1.8158115148544312,2.3357903957366943,4.377436995506287,14.426624655723572,24.606343626976013,2.4844074323773384,0.28203827114205177
2,1.6506799459457397,1.8158115148544312,2.3357903957366943,4.377436995506287,14.426624655723572,24.606343626976013,2.4844074323773384,0.28203827114205177
3,0.0,0.0,0.0,1.9250439405441284,1.6031192541122437,3.5281633138656616,0.23195791989564896,-0.07666411869555352
4,0.0,0.0,0.0,0.9650815725326538,0.0,0.9650815725326538,0.04639158397912979,-0.3010503557809962
