cut,W,Z,top,ttV,single top,total background,signal,significance
0,1.6506799459457397,1.8158115148544312,2.3357903957366943,4.377436995506287,14.426624655723572,24.606343626976013,55.34425017237663,6.39321309536727
1,1.6506799459457397,1.8158115148544312,2.3357903957366943,4.377436995506287,14.426624655723572,24.606343626976013,55.34425017237663,6.39321309536727
2,1.6506799459457397,1.8158115148544312,2.3357903957366943,4.377436995506287,14.426624655723572,24.606343626976013,55.34425017237663,6.39321309536727
3,0.0,0.0,0.0,1.9250439405441284,1.6031192541122437,3.5281633138656616,5.974556416273117,2.344395527068486
4,0.0,0.0,0.0,0.9650815725326538,0.0,0.9650815725326538,0.3953833281993866,0.06721301786025342
