cut,W,Z,top,ttV,single top,total background,signal,significance
0,1.6506799459457397,1.8158115148544312,2.3357903957366943,4.377436995506287,14.426624655723572,24.606343626976013,32.560831144452095,4.134274870760968
1,1.6506799459457397,1.8158115148544312,2.3357903957366943,4.377436995506287,14.426624655723572,24.606343626976013,32.560831144452095,4.134274870760968
2,1.6506799459457397,1.8158115148544312,2.3357903957366943,4.377436995506287,14.426624655723572,24.606343626976013,32.560831144452095,4.134274870760968
3,0.0,0.0,0.0,1.9250439405441284,1.6031192541122437,3.5281633138656616,2.26093490421772,0.8862228512172319
4,0.0,0.0,0.0,0.9650815725326538,0.0,0.9650815725326538,0.137289360165596,-0.20011448385546107
