cut,W,Z,top,ttV,single top,total background,signal,significance
0,1.6506799459457397,1.8158115148544312,2.3357903957366943,4.377436995506287,14.426624655723572,24.606343626976013,81.32776927947998,8.591131909507379
1,1.6506799459457397,1.8158115148544312,2.3357903957366943,4.377436995506287,14.426624655723572,24.606343626976013,81.32776927947998,8.591131909507379
2,1.6506799459457397,1.8158115148544312,2.3357903957366943,4.377436995506287,14.426624655723572,24.606343626976013,81.32776927947998,8.591131909507379
3,0.0,0.0,0.0,1.9250439405441284,1.6031192541122437,3.5281633138656616,6.7753095626831055,2.6253061017374355
4,0.0,0.0,0.0,0.9650815725326538,0.0,0.9650815725326538,0.27895116806030273,-0.05022068536904675
