cut,W,Z,top,ttV,single top,total background,signal,significance
0,1.6506799459457397,1.8158115148544312,2.3357903957366943,4.377436995506287,14.426624655723572,24.606343626976013,2.9407085478305817,0.3528401886188475
1,1.6506799459457397,1.8158115148544312,2.3357903957366943,4.377436995506287,14.426624655723572,24.606343626976013,2.9407085478305817,0.3528401886188475
2,1.6506799459457397,1.8158115148544312,2.3357903957366943,4.377436995506287,14.426624655723572,24.606343626976013,2.9407085478305817,0.3528401886188475
3,0.0,0.0,0.0,1.9250439405441284,1.6031192541122437,3.5281633138656616,0.23190250992774963,-0.07669292514031222
4,0.0,0.0,0.0,0.9650815725326538,0.0,0.9650815725326538,0.0,-0.3542120749007192
