cut,W,Z,top,ttV,single top,total background,signal,significance
0,1.6506799459457397,1.8158115148544312,2.3357903957366943,4.377436995506287,14.426624655723572,24.606343626976013,32.966283679008484,4.178144711982666
1,1.6506799459457397,1.8158115148544312,2.3357903957366943,4.377436995506287,14.426624655723572,24.606343626976013,32.966283679008484,4.178144711982666
2,1.6506799459457397,1.8158115148544312,2.3357903957366943,4.377436995506287,14.426624655723572,24.606343626976013,32.966283679008484,4.178144711982666
3,0.0,0.0,0.0,1.9250439405441284,1.6031192541122437,3.5281633138656616,2.157129168510437,0.8406585583605239
4,0.0,0.0,0.0,0.9650815725326538,0.0,0.9650815725326538,0.27925384044647217,-0.049909079493691534
