cut,W,Z,top,ttV,single top,total background,signal,significance
0,1.6506800055503845,1.8158115148544312,2.3357903957366943,4.377436578273773,14.426626682281494,24.60634481906891,32.96634945273399,4.178151703542931
