cut,W,Z,top,ttV,single top,total background,signal,significance
0,1.6506800055503845,1.8158115148544312,2.3357903957366943,4.3774366825819016,14.42662662267685,24.60634535551071,32.96634915471077,4.1781516207550125
