met,njets,nbjets,nnonbjets,top1mass,sumet,antikt8m0,antikt8m1,antikt12m0,antikt12m1,drbb,is_signal
406.3174743652344,2,8,6,102.48982238769531,1236.0321044921875,161.35813903808594,79.43216705322266,310.86566162109375,162.67698669433594,1.5712140798568726,1
474.5257568359375,2,9,7,50.139991760253906,1026.9871826171875,93.17511749267578,89.72586059570312,159.07444763183594,89.72586059570312,2.607900619506836,1
415.2626647949219,2,8,6,141.48175048828125,1265.5360107421875,152.2554931640625,101.60130310058594,287.5852966308594,211.8446807861328,2.163761854171753,1
