met,njets,nbjets,nnonbjets,top1mass,sumet,antikt8m0,antikt8m1,antikt12m0,antikt12m1,drbb,is_signal
481.75946044921875,2,6,4,163.52163696289062,906.0570068359375,149.3756866455078,68.53121948242188,253.58822631835938,68.53121948242188,3.072357177734375,1
443.18304443359375,2,12,10,-114.35401153564453,1432.6961669921875,175.78285217285156,93.84068298339844,370.8918762207031,275.7464904785156,1.2110226154327393,1
981.0045166015625,2,6,4,159.8159637451172,2100.4052734375,110.18936157226562,77.66021728515625,482.68206787109375,77.66021728515625,2.4031717777252197,1
488.696533203125,2,9,7,173.1188201904297,1275.691650390625,129.96466064453125,81.48170471191406,125.2851333618164,106.3271255493164,2.668128252029419,1
555.0535888671875,2,9,7,173.0686492919922,1065.64794921875,215.68295288085938,72.80908966064453,215.68295288085938,111.62971496582031,1.7919646501541138,1
491.96588134765625,2,9,7,142.75453186035156,1276.0750732421875,97.79277038574219,74.26972961425781,284.47406005859375,74.26972961425781,2.3525390625,1
593.9710693359375,2,12,10,173.19114685058594,1397.8204345703125,92.89586639404297,96.81304168701172,164.5086212158203,96.81304168701172,1.6991686820983887,1
584.731201171875,3,12,9,168.76475524902344,1116.7305908203125,222.7869415283203,60.308773040771484,272.46649169921875,149.06988525390625,2.8151803016662598,1
