met,njets,nbjets,nnonbjets,top1mass,sumet,antikt8m0,antikt8m1,antikt12m0,antikt12m1,drbb,is_signal
1042.7308349609375,2,9,7,169.98330688476562,1593.9051513671875,107.47703552246094,72.55518341064453,271.06707763671875,72.55518341064453,3.5902397632598877,1
782.1348876953125,2,8,6,158.40997314453125,1481.057373046875,159.59120178222656,83.04661560058594,280.8704528808594,83.04661560058594,1.6675732135772705,1
645.658935546875,2,7,5,171.72799682617188,1005.9541625976562,192.5871124267578,77.46379852294922,192.5871124267578,77.46379852294922,0.52737957239151,1
766.81494140625,2,14,12,138.78684997558594,1612.1424560546875,139.31719970703125,130.83380126953125,536.436279296875,27.61615753173828,1.5721646547317505,1
