cut,W,Z,top,ttV,single top,total background,signal,significance
0,3561.438553273678,3478.299443900585,11357.666118502617,1355.6104446947575,3156.418386042118,22909.433087527752,872.477064371109,0.1513945871220979
100,1415.7576450705528,1299.2936455607414,3541.206157565117,487.00734105706215,1114.2499595284462,7857.514630496502,488.73647904396057,0.30661429410795543
200,169.69823497533798,158.7438980937004,343.575199007988,15.655179649591446,115.74157863855362,803.4140903353691,35.631301164627075,0.18473447856729852
300,33.079369604587555,29.616880357265472,63.105953097343445,2.1773030906915665,13.625993072986603,141.60550040006638,3.3085515052080154,0.03460598720821009
400,7.453711092472076,7.2152257561683655,16.364040851593018,1.7559486031532288,1.6044190526008606,34.39334553480148,0.3002157658338547,-0.0700736974033331
500,2.1051778197288513,0.0,7.011759400367737,0.0,0.8025591373443604,9.919496357440948,0.15971560776233673,-0.09213229125116314
600,0.9542866349220276,0.0,1.166621446609497,0.0,0.0,2.1209080815315247,0.15971560776233673,-0.13400978927824742
