cut,W,Z,top,ttV,single top,total background,signal,significance
0,3561.438953373581,3478.299099087715,11357.67143046856,1355.6103236675262,3156.4181675314903,22909.438093423843,17.481062123551965,-0.09478231913493387
100,2896.406452152878,2743.5013695955276,9582.401288866997,1090.4759166240692,2469.6457828879356,18782.430952310562,16.6716320309788,-0.09395182634354915
200,1002.0449485518038,827.5502206087112,2110.7435435056686,204.64130282402039,678.2794422507286,4823.2594435215,5.617628017440438,-0.09212974492251041
300,227.4339217878878,220.22222340106964,455.80311381816864,43.063682317733765,167.9004024863243,1114.423353433609,1.7284502182155848,-0.08973191053932882
400,61.44470069184899,65.10538637638092,123.87186992168427,18.99174165725708,51.68695396184921,321.1006529331207,0.7213151082396507,-0.08601912381855605
500,16.015523195266724,24.522249817848206,28.039965510368347,6.354324549436569,19.021543204784393,93.95360684394836,0.3265265189111233,-0.0826262433787494
600,2.134291648864746,5.776915788650513,11.683330535888672,3.7778777182102203,4.007571041584015,27.37998676300049,0.20007513090968132,-0.0815623860996484
700,0.0,0.6798869371414185,1.1687017679214478,0.44032642245292664,1.603298842906952,3.8922139406204224,0.03626888617873192,-0.172872883936399
800,0.0,0.6798869371414185,0.0,0.0,0.0,0.6798869371414185,0.0,-0.417925032844409
