cut,W,Z,top,ttV,single top,total background,signal,significance
0,3561.437431335449,3478.299582719803,11357.670277833939,1355.6101832389832,3156.4158695936203,22909.433795571327,98.57741752266884,-0.07117242594299973
1,3561.437431335449,3478.299582719803,11357.670277833939,1355.6101832389832,3156.4158695936203,22909.433795571327,98.57741752266884,-0.07117242594299973
2,557.1830368041992,649.9760963916779,1086.8909809589386,537.0565943717957,1152.0418461561203,3983.148639321327,52.67161002755165,-0.012320718081324017
3,43.40923309326172,26.775534868240356,127.41643261909485,37.30149793624878,94.7400883436203,329.6427799463272,4.4649602472782135,-0.01540489609251385
4,0.0,1.9630615711212158,7.01574444770813,2.7529711723327637,15.814078211784363,27.54585611820221,0.4243833124637604,-0.04798158729806705
5,0.0,0.0,1.169095754623413,0.0,0.8025530576705933,1.9716488122940063,0.1573164165019989,-0.1390677267979692
