cut,W,Z,top,ttV,single top,total background,signal,significance
0,3561.438553273678,3478.299443900585,11357.666118502617,1355.6104446947575,3156.418386042118,22909.433087527752,6006.009910538793,1.518284425676926
100,1415.7576450705528,1299.2936455607414,3541.206157565117,487.00734105706215,1114.2499595284462,7857.514630496502,3234.3035506755114,2.3392549957663435
200,169.69823497533798,158.7438980937004,343.575199007988,15.655179649591446,115.74157863855362,803.4140903353691,207.30384059250355,1.4565038059987496
300,33.079369604587555,29.616880357265472,63.105953097343445,2.1773030906915665,13.625993072986603,141.60550040006638,22.10660119354725,0.7714461501712256
400,7.453711092472076,7.2152257561683655,16.364040851593018,1.7559486031532288,1.6044190526008606,34.39334553480148,3.354739263653755,0.31343998362631287
500,2.1051778197288513,0.0,7.011759400367737,0.0,0.8025591373443604,9.919496357440948,0.698154404759407,0.06203188921419852
600,0.9542866349220276,0.0,1.166621446609497,0.0,0.0,2.1209080815315247,0.229794442653656,-0.0855925296596697
