cut,W,Z,top,ttV,single top,total background,signal,significance
0,3561.438953373581,3478.299099087715,11357.67143046856,1355.6103236675262,3156.4181675314903,22909.438093423843,17.788903383538127,-0.09469259088165223
100,2896.406452152878,2743.5013695955276,9582.401288866997,1090.4759166240692,2469.6457828879356,18782.430952310562,17.142046367749572,-0.09378463431947943
200,1002.0449485518038,827.5502206087112,2110.7435435056686,204.64130282402039,678.2794422507286,4823.2594435215,5.919562136754394,-0.09171335957765571
300,227.4339217878878,220.22222340106964,455.80311381816864,43.063682317733765,167.9004024863243,1114.423353433609,2.360426401719451,-0.08601741398512426
400,61.44470069184899,65.10538637638092,123.87186992168427,18.99174165725708,51.68695396184921,321.1006529331207,1.1937772873789072,-0.07681360666095627
500,16.015523195266724,24.522249817848206,28.039965510368347,6.354324549436569,19.021543204784393,93.95360684394836,0.4845175091177225,-0.07337868044065203
600,2.134291648864746,5.776915788650513,11.683330535888672,3.7778777182102203,4.007571041584015,27.37998676300049,0.1898897010833025,-0.08309812376485842
700,0.0,0.6798869371414185,1.1687017679214478,0.44032642245292664,1.603298842906952,3.8922139406204224,0.07147378101944923,-0.15522952065232062
800,0.0,0.6798869371414185,0.0,0.0,0.0,0.6798869371414185,0.017034588381648064,-0.39322432005801267
