cut,W,Z,top,ttV,single top,total background,signal,significance
0,3561.437431335449,3478.299582719803,11357.670277833939,1355.6101832389832,3156.4158695936203,22909.433795571327,1078.7031960189342,0.20988786304659673
1,3561.437431335449,3478.299582719803,11357.670277833939,1355.6101832389832,3156.4158695936203,22909.433795571327,1078.7031960189342,0.20988786304659673
2,557.1830368041992,649.9760963916779,1086.8909809589386,537.0565943717957,1152.0418461561203,3983.148639321327,513.986582249403,0.7240479365829493
3,43.40923309326172,26.775534868240356,127.41643261909485,37.30149793624878,94.7400883436203,329.6427799463272,38.996836155653,0.6166682300302709
4,0.0,1.9630615711212158,7.01574444770813,2.7529711723327637,15.814078211784363,27.54585611820221,2.745939701795578,0.29276683042368634
5,0.0,0.0,1.169095754623413,0.0,0.8025530576705933,1.9716488122940063,0.1373102366924286,-0.1535873716523631
