cut,W,Z,top,ttV,single top,total background,signal,significance
0,3561.4373876452446,3478.2999091744423,11357.670538306236,1355.6098224520683,3156.4164275527,22909.434448719025,40.11177499592304,-0.08818815532786943
