cut,W,Z,top,ttV,single top,total background,signal,significance
0,3561.4373876452446,3478.2999091744423,11357.670538306236,1355.6098224520683,3156.4164275527,22909.434448719025,377.1673985719681,0.009514234911763841
